{
  "title": "ramdam",
  "meta": [
    {
      "hid": "charset",
      "charset": "utf-8"
    },
    {
      "hid": "viewport",
      "name": "viewport",
      "content": "width=device-width, initial-scale=1"
    },
    {
      "hid": "mobile-web-app-capable",
      "name": "mobile-web-app-capable",
      "content": "yes"
    },
    {
      "hid": "apple-mobile-web-app-title",
      "name": "apple-mobile-web-app-title",
      "content": "ramdam"
    },
    {
      "hid": "description",
      "name": "description",
      "content": "## Build Setup"
    },
    {
      "hid": "theme-color",
      "name": "theme-color",
      "content": "#fff"
    },
    {
      "hid": "og:type",
      "name": "og:type",
      "property": "og:type",
      "content": "website"
    },
    {
      "hid": "og:title",
      "name": "og:title",
      "property": "og:title",
      "content": "ramdam"
    },
    {
      "hid": "og:site_name",
      "name": "og:site_name",
      "property": "og:site_name",
      "content": "ramdam"
    },
    {
      "hid": "og:description",
      "name": "og:description",
      "property": "og:description",
      "content": "## Build Setup"
    }
  ],
  "link": [
    {
      "hid": "shortcut-icon",
      "rel": "shortcut icon",
      "href": "/_nuxt/icons/icon_64x64.098f21.png"
    },
    {
      "hid": "apple-touch-icon",
      "rel": "apple-touch-icon",
      "href": "/_nuxt/icons/icon_512x512.098f21.png",
      "sizes": "512x512"
    },
    {
      "rel": "manifest",
      "href": "/_nuxt/manifest.8e0f5e3f.json",
      "hid": "manifest"
    }
  ],
  "htmlAttrs": {
    "lang": "fr"
  }
}
